"Date","discipline","tournament_id","event_name","zone_c","country_code","country_name","category","surface_category","surface_c","indoor_outdoor_c","event_player_type","player_type_c","draw_size_singles","draw_size_doubles","structure_singles","structure_doubles","ranking_points_earned_singles","ranking_points_earned_doubles","final_position_singles","final_position_doubles","entry_type_singles","entry_type_doubles","tournament_start_date","tournament_end_date","match_id","match_date","match_status","event_classification","match_round_code","result_status","win_loss_status","match_type","score","best_of_5","deciding_set","had_tiebreak","tiebreak_count","tiebreaks_won","lost_first_set","five_setter","player_singles_ranking","player_doubles_ranking","partner_id","partner_name","partner_nationality","partner_singles_ranking","partner_doubles_ranking","opp_player_id","opponent_name","opp_singles_ranking","event-uuid","group-uuid"
"24-11-2025","PRO","M-CH-AUS-2025-005","2025-Playford Challenger 75-005","Oceania","AUS","Australia","CH","H","Hard","Outdoor","M","Men","32","0","KO","Not available","75","0","WR","Not available","DA","Not available","24/11/2025","30/11/2025","M-CH-AUS-2025-005-M-S-KO-M-1-16","Not available","CO","M","32","Not available","W","S","6-2 6-0","FALSE","FALSE","FALSE","0","0","FALSE","FALSE","125","58","0","Not available","Not available","0","0","800467591","Takuya Kumasaka","477","4802c3e0-31a1-4883-8cd2-5755efb00741","0e01c193-eab4-4b46-8370-a468532703d8"
"24-11-2025","PRO","M-CH-AUS-2025-005","2025-Playford Challenger 75-005","Oceania","AUS","Australia","CH","H","Hard","Outdoor","M","Men","32","0","KO","Not available","75","0","WR","Not available","DA","Not available","24/11/2025","30/11/2025","M-CH-AUS-2025-005-M-S-KO-M-2-8","Not available","CO","M","16","Not available","W","S","6-3 6-2","FALSE","FALSE","FALSE","0","0","FALSE","FALSE","125","58","0","Not available","Not available","0","0","800513443","Tai Leonard Sach","647","4802c3e0-31a1-4883-8cd2-5755efb00741","0e01c193-eab4-4b46-8370-a468532703d8"
"24-11-2025","PRO","M-CH-AUS-2025-005","2025-Playford Challenger 75-005","Oceania","AUS","Australia","CH","H","Hard","Outdoor","M","Men","32","0","KO","Not available","75","0","WR","Not available","DA","Not available","24/11/2025","30/11/2025","M-CH-AUS-2025-005-M-S-KO-M-3-4","Not available","CO","M","QF","Not available","W","S","7-6(2) 6-2","FALSE","FALSE","TRUE","1","1","FALSE","FALSE","125","58","0","Not available","Not available","0","0","800578717","James McCabe","194","4802c3e0-31a1-4883-8cd2-5755efb00741","0e01c193-eab4-4b46-8370-a468532703d8"
"24-11-2025","PRO","M-CH-AUS-2025-005","2025-Playford Challenger 75-005","Oceania","AUS","Australia","CH","H","Hard","Outdoor","M","Men","32","0","KO","Not available","75","0","WR","Not available","DA","Not available","24/11/2025","30/11/2025","M-CH-AUS-2025-005-M-S-KO-M-4-2","Not available","CO","M","SF","Not available","W","S","6-3 6-3","FALSE","FALSE","FALSE","0","0","FALSE","FALSE","125","58","0","Not available","Not available","0","0","800156497","Alex Bolt","185","4802c3e0-31a1-4883-8cd2-5755efb00741","0e01c193-eab4-4b46-8370-a468532703d8"
"24-11-2025","PRO","M-CH-AUS-2025-005","2025-Playford Challenger 75-005","Oceania","AUS","Australia","CH","H","Hard","Outdoor","M","Men","32","0","KO","Not available","75","0","WR","Not available","DA","Not available","24/11/2025","30/11/2025","M-CH-AUS-2025-005-M-S-KO-M-5-1","Not available","CO","M","FR","Not available","W","S","6-0 6-7(8) 6-4","FALSE","TRUE","TRUE","1","0","FALSE","FALSE","125","58","0","Not available","Not available","0","0","800400108","Dane Sweeny","209","4802c3e0-31a1-4883-8cd2-5755efb00741","0e01c193-eab4-4b46-8370-a468532703d8"
"17-11-2025","PRO","M-CH-AUS-2025-004","2025-Sydney Challenger 75-004","Oceania","AUS","Australia","CH","H","Hard","Outdoor","M","Men","32","16","KO","KO","12","75","QF","WR","DA","DA","17/11/2025","23/11/2025","M-CH-AUS-2025-004-M-S-KO-M-1-16","Not available","CO","M","32","Not available","W","S","6-4 5-7 6-2","FALSE","TRUE","FALSE","0","0","FALSE","FALSE","127","59","0","Not available","Not available","0","0","800476060","Blaise Bicknell","513","80fbf3b4-a199-4ca9-879c-239af8a87b79","80d437c5-be12-4320-b1e1-27695f03d25b"
"17-11-2025","PRO","M-CH-AUS-2025-004","2025-Sydney Challenger 75-004","Oceania","AUS","Australia","CH","H","Hard","Outdoor","M","Men","32","16","KO","KO","12","75","QF","WR","DA","DA","17/11/2025","23/11/2025","M-CH-AUS-2025-004-M-S-KO-M-2-8","Not available","CO","M","16","Not available","W","S","7-6(3) 7-6(2)","FALSE","FALSE","TRUE","2","2","FALSE","FALSE","127","59","0","Not available","Not available","0","0","800403759","Carl Emil Overbeck","649","80fbf3b4-a199-4ca9-879c-239af8a87b79","80d437c5-be12-4320-b1e1-27695f03d25b"
"17-11-2025","PRO","M-CH-AUS-2025-004","2025-Sydney Challenger 75-004","Oceania","AUS","Australia","CH","H","Hard","Outdoor","M","Men","32","16","KO","KO","12","75","QF","WR","DA","DA","17/11/2025","23/11/2025","M-CH-AUS-2025-004-M-S-KO-M-3-4","Not available","CO","M","QF","Not available","L","S","6-3 7-5","FALSE","FALSE","FALSE","0","0","TRUE","FALSE","127","59","0","Not available","Not available","0","0","800578717","James McCabe","196","80fbf3b4-a199-4ca9-879c-239af8a87b79","80d437c5-be12-4320-b1e1-27695f03d25b"
"17-11-2025","PRO","M-CH-AUS-2025-004","2025-Sydney Challenger 75-004","Oceania","AUS","Australia","CH","H","Hard","Outdoor","M","Men","32","16","KO","KO","12","75","QF","WR","DA","DA","17/11/2025","23/11/2025","M-CH-AUS-2025-004-M-D-KO-M-1-3","Not available","CO","M","16","Not available","W","D","6-1 6-3","FALSE","FALSE","FALSE","0","0","FALSE","FALSE","127","59","800344541","Marc Polmans","AUS","421","568","800383279","Finn Bass","981","80fbf3b4-a199-4ca9-879c-239af8a87b79","80d437c5-be12-4320-b1e1-27695f03d25b"
"17-11-2025","PRO","M-CH-AUS-2025-004","2025-Sydney Challenger 75-004","Oceania","AUS","Australia","CH","H","Hard","Outdoor","M","Men","32","16","KO","KO","12","75","QF","WR","DA","DA","17/11/2025","23/11/2025","M-CH-AUS-2025-004-M-D-KO-M-2-2","Not available","CO","M","QF","Not available","W","D","6-7(5) 6-4 [10-3]","FALSE","TRUE","TRUE","2","0","TRUE","FALSE","127","59","800344541","Marc Polmans","AUS","421","568","800341149","Jake Delaney","461","80fbf3b4-a199-4ca9-879c-239af8a87b79","80d437c5-be12-4320-b1e1-27695f03d25b"
"17-11-2025","PRO","M-CH-AUS-2025-004","2025-Sydney Challenger 75-004","Oceania","AUS","Australia","CH","H","Hard","Outdoor","M","Men","32","16","KO","KO","12","75","QF","WR","DA","DA","17/11/2025","23/11/2025","M-CH-AUS-2025-004-M-D-KO-M-3-1","Not available","CO","M","SF","Not available","W","D","6-2 6-4","FALSE","FALSE","FALSE","0","0","FALSE","FALSE","127","59","800344541","Marc Polmans","AUS","421","568","800453060","Anirudh Chandrasekar","9999","80fbf3b4-a199-4ca9-879c-239af8a87b79","80d437c5-be12-4320-b1e1-27695f03d25b"
"17-11-2025","PRO","M-CH-AUS-2025-004","2025-Sydney Challenger 75-004","Oceania","AUS","Australia","CH","H","Hard","Outdoor","M","Men","32","16","KO","KO","12","75","QF","WR","DA","DA","17/11/2025","23/11/2025","M-CH-AUS-2025-004-M-D-KO-M-4-1","Not available","CO","M","FR","Not available","W","D","6-0 6-4","FALSE","FALSE","FALSE","0","0","FALSE","FALSE","127","59","800344541","Marc Polmans","AUS","421","568","800297320","Calum Puttergill","9999","80fbf3b4-a199-4ca9-879c-239af8a87b79","80d437c5-be12-4320-b1e1-27695f03d25b"
"10-11-2025","PRO","M-CH-AUS-2025-003","2025-Brisbane 3 Challenger 75-003","Oceania","AUS","Australia","CH","H","Hard","Outdoor","M","Men","32","0","KO","Not available","0","0","R32","Not available","DA","Not available","10/11/2025","16/11/2025","M-CH-AUS-2025-003-M-S-KO-M-1-16","Not available","CO","M","32","Not available","L","S","6-4 6-2","FALSE","FALSE","FALSE","0","0","TRUE","FALSE","127","59","0","Not available","Not available","0","0","800545029","Hayato Matsuoka","589","1eee9f2c-483d-4865-8fbb-1355c7ff4061","b7b8bbf0-0f54-4639-8a8d-f17edb349cac"
"27-10-2025","PRO","M-CH-USA-2025-022","2025-Charlottesville Challenger 75-022","North America","USA","United States","CH","H","Hard","Indoor","M","Men","32","0","KO","Not available","6","0","R16","Not available","DA","Not available","27/10/2025","02/11/2025","M-CH-USA-2025-022-M-S-KO-M-1-1","Not available","CO","M","32","Not available","W","S","4-6 7-5 6-3","FALSE","TRUE","FALSE","0","0","TRUE","FALSE","119","63","0","Not available","Not available","0","0","800424370","Matias Soto","279","1124bc30-48b2-45ba-b03c-edc90dca54e1","d4632f83-fe95-4211-a289-b807596c5032"
"27-10-2025","PRO","M-CH-USA-2025-022","2025-Charlottesville Challenger 75-022","North America","USA","United States","CH","H","Hard","Indoor","M","Men","32","0","KO","Not available","6","0","R16","Not available","DA","Not available","27/10/2025","02/11/2025","M-CH-USA-2025-022-M-S-KO-M-2-1","Not available","CO","M","16","Not available","L","S","6-3 6-4","FALSE","FALSE","FALSE","0","0","TRUE","FALSE","119","63","0","Not available","Not available","0","0","800333299","Mats Rosenkranz","285","1124bc30-48b2-45ba-b03c-edc90dca54e1","d4632f83-fe95-4211-a289-b807596c5032"
"20-10-2025","PRO","M-CH-USA-2025-021","2025-Sioux Falls Challenger 100-021","North America","USA","United States","CH","H","Hard","Indoor","M","Men","32","16","KO","KO","14","100","QF","WR","DA","DA","20/10/2025","26/10/2025","M-CH-USA-2025-021-M-S-KO-M-1-12","Not available","CO","M","32","Not available","W","S","6-3 6-0","FALSE","FALSE","FALSE","0","0","FALSE","FALSE","106","65","0","Not available","Not available","0","0","800432109","Jack Pinnington Jones","186","67bee118-a6c5-4eb7-b2b4-d006ec4e671a","f22a5c88-5d85-4ce7-87e7-a04c06bacf83"
"20-10-2025","PRO","M-CH-USA-2025-021","2025-Sioux Falls Challenger 100-021","North America","USA","United States","CH","H","Hard","Indoor","M","Men","32","16","KO","KO","14","100","QF","WR","DA","DA","20/10/2025","26/10/2025","M-CH-USA-2025-021-M-S-KO-M-2-6","Not available","CO","M","16","Not available","W","S","7-6(3) 6-2","FALSE","FALSE","TRUE","1","1","FALSE","FALSE","106","65","0","Not available","Not available","0","0","800537994","Samir Banerjee","375","67bee118-a6c5-4eb7-b2b4-d006ec4e671a","f22a5c88-5d85-4ce7-87e7-a04c06bacf83"
"20-10-2025","PRO","M-CH-USA-2025-021","2025-Sioux Falls Challenger 100-021","North America","USA","United States","CH","H","Hard","Indoor","M","Men","32","16","KO","KO","14","100","QF","WR","DA","DA","20/10/2025","26/10/2025","M-CH-USA-2025-021-M-S-KO-M-3-3","Not available","CO","M","QF","Not available","L","S","6-4 6-4","FALSE","FALSE","FALSE","0","0","TRUE","FALSE","106","65","0","Not available","Not available","0","0","800408088","Patrick Kypson","166","67bee118-a6c5-4eb7-b2b4-d006ec4e671a","f22a5c88-5d85-4ce7-87e7-a04c06bacf83"
"20-10-2025","PRO","M-CH-USA-2025-021","2025-Sioux Falls Challenger 100-021","North America","USA","United States","CH","H","Hard","Indoor","M","Men","32","16","KO","KO","14","100","QF","WR","DA","DA","20/10/2025","26/10/2025","M-CH-USA-2025-021-M-D-KO-M-1-1","Not available","CO","M","16","Not available","W","D","7-6(6) 6-7(6) [10-4]","FALSE","TRUE","TRUE","3","0","FALSE","FALSE","106","65","800440190","Mac Kiger","USA","0","120","800333783","Jay Clarke","201","67bee118-a6c5-4eb7-b2b4-d006ec4e671a","f22a5c88-5d85-4ce7-87e7-a04c06bacf83"
"20-10-2025","PRO","M-CH-USA-2025-021","2025-Sioux Falls Challenger 100-021","North America","USA","United States","CH","H","Hard","Indoor","M","Men","32","16","KO","KO","14","100","QF","WR","DA","DA","20/10/2025","26/10/2025","M-CH-USA-2025-021-M-D-KO-M-2-1","Not available","CO","M","QF","Not available","W","D","6-4 1-6 [10-7]","FALSE","TRUE","TRUE","1","0","FALSE","FALSE","106","65","800440190","Mac Kiger","USA","0","120","800652401","Maxwell Exsted","1353","67bee118-a6c5-4eb7-b2b4-d006ec4e671a","f22a5c88-5d85-4ce7-87e7-a04c06bacf83"
"20-10-2025","PRO","M-CH-USA-2025-021","2025-Sioux Falls Challenger 100-021","North America","USA","United States","CH","H","Hard","Indoor","M","Men","32","16","KO","KO","14","100","QF","WR","DA","DA","20/10/2025","26/10/2025","M-CH-USA-2025-021-M-D-KO-M-3-1","Not available","CO","M","SF","Not available","W","D","6-4 6-2","FALSE","FALSE","FALSE","0","0","FALSE","FALSE","106","65","800440190","Mac Kiger","USA","0","120","800458556","Patrick Harper","9999","67bee118-a6c5-4eb7-b2b4-d006ec4e671a","f22a5c88-5d85-4ce7-87e7-a04c06bacf83"
"20-10-2025","PRO","M-CH-USA-2025-021","2025-Sioux Falls Challenger 100-021","North America","USA","United States","CH","H","Hard","Indoor","M","Men","32","16","KO","KO","14","100","QF","WR","DA","DA","20/10/2025","26/10/2025","M-CH-USA-2025-021-M-D-KO-M-4-1","Not available","CO","M","FR","Not available","W","D","6-4 6-4","FALSE","FALSE","FALSE","0","0","FALSE","FALSE","106","65","800440190","Mac Kiger","USA","0","120","800717021","Juan Jose Bianchi","1318","67bee118-a6c5-4eb7-b2b4-d006ec4e671a","f22a5c88-5d85-4ce7-87e7-a04c06bacf83"
"13-10-2025","PRO","M-250-KAZ-2025-001","2025-Almaty 250-001","Asia","KAZ","Kazakhstan","250","H","Hard","Indoor","M","Men","28","16","KO","KO","25","0","R16","R16","LL","DA","13/10/2025","19/10/2025","M-250-KAZ-2025-001-M-S-KO-M-1-11","Not available","CO","M","32","Not available","W","S","7-6(3) 2-6 6-3","FALSE","TRUE","TRUE","1","1","FALSE","FALSE","114","62","0","Not available","Not available","0","0","800392230","Timofei Skatov","236","7d04c5f2-2326-495e-bdea-515506973e71","4c1eae58-ff1b-4a8d-b981-c9af3c646d81"
"13-10-2025","PRO","M-250-KAZ-2025-001","2025-Almaty 250-001","Asia","KAZ","Kazakhstan","250","H","Hard","Indoor","M","Men","28","16","KO","KO","25","0","R16","R16","LL","DA","13/10/2025","19/10/2025","M-250-KAZ-2025-001-M-S-KO-M-2-6","Not available","CO","M","16","Not available","L","S","6-4 7-5","FALSE","FALSE","FALSE","0","0","TRUE","FALSE","114","62","0","Not available","Not available","0","0","800418279","Flavio Cobolli","22","7d04c5f2-2326-495e-bdea-515506973e71","4c1eae58-ff1b-4a8d-b981-c9af3c646d81"
"13-10-2025","PRO","M-250-KAZ-2025-001","2025-Almaty 250-001","Asia","KAZ","Kazakhstan","250","H","Hard","Indoor","M","Men","28","16","KO","KO","25","0","R16","R16","LL","DA","13/10/2025","19/10/2025","M-250-KAZ-2025-001-M-S-KO-Q-1-3","Not available","CO","Q","16","Not available","W","S","7-6(2) 6-3","FALSE","FALSE","TRUE","1","1","FALSE","FALSE","114","62","0","Not available","Not available","0","0","800352312","Jakub Paul","302","7d04c5f2-2326-495e-bdea-515506973e71","4c1eae58-ff1b-4a8d-b981-c9af3c646d81"
"13-10-2025","PRO","M-250-KAZ-2025-001","2025-Almaty 250-001","Asia","KAZ","Kazakhstan","250","H","Hard","Indoor","M","Men","28","16","KO","KO","25","0","R16","R16","LL","DA","13/10/2025","19/10/2025","M-250-KAZ-2025-001-M-S-KO-Q-2-2","Not available","CO","Q","QF","Not available","L","S","7-5 6-2","FALSE","FALSE","FALSE","0","0","TRUE","FALSE","114","62","0","Not available","Not available","0","0","800360726","Ugo Blanchet","150","7d04c5f2-2326-495e-bdea-515506973e71","4c1eae58-ff1b-4a8d-b981-c9af3c646d81"
"13-10-2025","PRO","M-250-KAZ-2025-001","2025-Almaty 250-001","Asia","KAZ","Kazakhstan","250","H","Hard","Indoor","M","Men","28","16","KO","KO","25","0","R16","R16","LL","DA","13/10/2025","19/10/2025","M-250-KAZ-2025-001-M-D-KO-M-1-8","Not available","CO","M","16","Not available","L","D","6-3 6-4","FALSE","FALSE","FALSE","0","0","TRUE","FALSE","114","62","800440190","Mac Kiger","USA","0","121","800681495","Constantin Frantzen","9999","7d04c5f2-2326-495e-bdea-515506973e71","4c1eae58-ff1b-4a8d-b981-c9af3c646d81"
"06-10-2025","PRO","M-CH-CHN-2025-007","2025-Jinan Challenger 125-007","Asia","CHN","China","CH","H","Hard","Outdoor","M","Men","32","0","KO","Not available","8","0","R16","Not available","DA","Not available","06/10/2025","12/10/2025","M-CH-CHN-2025-007-M-S-KO-M-1-3","Not available","CO","M","32","Not available","W","S","6-4 6-2","FALSE","FALSE","FALSE","0","0","FALSE","FALSE","114","62","0","Not available","Not available","0","0","800279549","Denis Yevseyev","341","80c07bfb-1459-48ae-aada-6f6c9aec227d","bc69bc52-a269-44d3-9762-0b1b7af41b95"
"06-10-2025","PRO","M-CH-CHN-2025-007","2025-Jinan Challenger 125-007","Asia","CHN","China","CH","H","Hard","Outdoor","M","Men","32","0","KO","Not available","8","0","R16","Not available","DA","Not available","06/10/2025","12/10/2025","M-CH-CHN-2025-007-M-S-KO-M-2-2","Not available","CO","M","16","Not available","L","S","7-5 3-6 6-4","FALSE","TRUE","FALSE","0","0","TRUE","FALSE","114","62","0","Not available","Not available","0","0","800576487","Yi Zhou","308","80c07bfb-1459-48ae-aada-6f6c9aec227d","bc69bc52-a269-44d3-9762-0b1b7af41b95"
"29-09-2025","PRO","M-1000-CHN-2025-001","2025-Shanghai 1000 Qualifying Draw-001","Asia","CHN","China","1000","H","Hard","Outdoor","M","Men","48","0","KO","Not available","10","0","R32","Not available","DA","Not available","29/09/2025","12/10/2025","M-1000-CHN-2025-001-M-S-KO-Q-1-23","Not available","CO","Q","64","Not available","W","S","6-3 6-2","FALSE","FALSE","FALSE","0","0","FALSE","FALSE","114","62","0","Not available","Not available","0","0","800303885","Stefano Napolitano","521","a451032b-adcd-4e72-8f92-61eaeeea27bc","cf74aca3-8d16-4231-86ff-fd9af2d1ad91"
"29-09-2025","PRO","M-1000-CHN-2025-001","2025-Shanghai 1000 Qualifying Draw-001","Asia","CHN","China","1000","H","Hard","Outdoor","M","Men","48","0","KO","Not available","10","0","R32","Not available","DA","Not available","29/09/2025","12/10/2025","M-1000-CHN-2025-001-M-S-KO-Q-2-12","Not available","CO","Q","32","Not available","L","S","6-3 5-7 6-4","FALSE","TRUE","FALSE","0","0","TRUE","FALSE","114","62","0","Not available","Not available","0","0","800413761","James Kent Trotter","213","a451032b-adcd-4e72-8f92-61eaeeea27bc","cf74aca3-8d16-4231-86ff-fd9af2d1ad91"
"15-09-2025","PRO","M-250-CHN-2025-001","2025-Hangzhou 250-001","Asia","CHN","China","250","H","Hard","Outdoor","M","Men","28","16","KO","KO","38","0","R16","R16","Q","DA","15/09/2025","21/09/2025","M-250-CHN-2025-001-M-S-KO-M-1-8","Not available","CO","M","32","Not available","W","S","7-6(2) 6-4","FALSE","FALSE","TRUE","1","1","FALSE","FALSE","111","60","0","Not available","Not available","0","0","800424830","Camilo Ugo Carabelli","43","69fd0079-5f08-4fd5-94e6-c299b79ee155","c9e7b3d4-0e51-48f3-8f84-5cf4f1e0230a"
"15-09-2025","PRO","M-250-CHN-2025-001","2025-Hangzhou 250-001","Asia","CHN","China","250","H","Hard","Outdoor","M","Men","28","16","KO","KO","38","0","R16","R16","Q","DA","15/09/2025","21/09/2025","M-250-CHN-2025-001-M-S-KO-M-2-4","Not available","CO","M","16","Not available","L","S","6-1 6-4","FALSE","FALSE","FALSE","0","0","TRUE","FALSE","111","60","0","Not available","Not available","0","0","800432971","Tomas Martin Etcheverry","63","69fd0079-5f08-4fd5-94e6-c299b79ee155","c9e7b3d4-0e51-48f3-8f84-5cf4f1e0230a"
"15-09-2025","PRO","M-250-CHN-2025-001","2025-Hangzhou 250-001","Asia","CHN","China","250","H","Hard","Outdoor","M","Men","28","16","KO","KO","38","0","R16","R16","Q","DA","15/09/2025","21/09/2025","M-250-CHN-2025-001-M-S-KO-Q-1-7","Not available","CO","Q","16","Not available","W","S","4-6 7-6(5) 6-4","FALSE","TRUE","TRUE","1","1","TRUE","FALSE","111","60","0","Not available","Not available","0","0","800386905","Christopher Eubanks","178","69fd0079-5f08-4fd5-94e6-c299b79ee155","c9e7b3d4-0e51-48f3-8f84-5cf4f1e0230a"
"15-09-2025","PRO","M-250-CHN-2025-001","2025-Hangzhou 250-001","Asia","CHN","China","250","H","Hard","Outdoor","M","Men","28","16","KO","KO","38","0","R16","R16","Q","DA","15/09/2025","21/09/2025","M-250-CHN-2025-001-M-S-KO-Q-2-4","Not available","CO","Q","QF","Not available","W","S","6-2 7-5","FALSE","FALSE","FALSE","0","0","FALSE","FALSE","111","60","0","Not available","Not available","0","0","800408085","Brandon Holt","116","69fd0079-5f08-4fd5-94e6-c299b79ee155","c9e7b3d4-0e51-48f3-8f84-5cf4f1e0230a"
"15-09-2025","PRO","M-250-CHN-2025-001","2025-Hangzhou 250-001","Asia","CHN","China","250","H","Hard","Outdoor","M","Men","28","16","KO","KO","38","0","R16","R16","Q","DA","15/09/2025","21/09/2025","M-250-CHN-2025-001-M-D-KO-M-1-3","Not available","CO","M","16","Not available","L","D","3-6 6-3 [10-8]","FALSE","TRUE","TRUE","1","0","FALSE","FALSE","111","60","800400063","Adam Walton","AUS","76","165","800275664","Fernando Romboli","1633","69fd0079-5f08-4fd5-94e6-c299b79ee155","c9e7b3d4-0e51-48f3-8f84-5cf4f1e0230a"
"25-08-2025","PRO","M-SL-USA-2025-001","2025-US Open-001","North America","USA","United States","SL","H","Hard","Outdoor","M","Men","128","64","KO","KO","10","0","R128","R64","DA","DA","25/08/2025","07/09/2025","M-SL-USA-2025-001-M-S-KO-M-1-61","Not available","CO","M","128","Not available","L","S","6-2 6-1 6-2","TRUE","FALSE","FALSE","0","0","TRUE","FALSE","103","56","0","Not available","Not available","0","0","800402212","Luciano Darderi","34","5b1e56ca-ada8-4ca7-81a4-ced7f70619f5","eff4ad2b-dbb0-4219-bf7a-3ca45d58906b"
"25-08-2025","PRO","M-SL-USA-2025-001","2025-US Open-001","North America","USA","United States","SL","H","Hard","Outdoor","M","Men","128","64","KO","KO","10","0","R128","R64","DA","DA","25/08/2025","07/09/2025","M-SL-USA-2025-001-M-D-KO-M-1-28","Not available","CO","M","64","Not available","L","D","7-6(2) 7-6(2)","FALSE","FALSE","TRUE","2","0","TRUE","FALSE","103","56","800266343","David Pel","NLD","0","39","800153768","Hugo Nys","9999","5b1e56ca-ada8-4ca7-81a4-ced7f70619f5","eff4ad2b-dbb0-4219-bf7a-3ca45d58906b"
"21-07-2025","PRO","M-500-USA-2025-002","2025-Washington 500 Qualifying Draw-002","North America","USA","United States","500","H","Hard","Outdoor","M","Men","24","0","KO","Not available","8","0","R16","Not available","DA","Not available","21/07/2025","27/07/2025","M-500-USA-2025-002-M-S-KO-Q-1-3","Not available","CO","Q","32","Not available","W","S","6-3 7-5","FALSE","FALSE","FALSE","0","0","FALSE","FALSE","82","57","0","Not available","Not available","0","0","800586400","Adhithya Ganesan","562","d43b6249-2bd7-40ae-9d39-1ed291ae574e","7b436f15-577b-4d6d-9845-540601a94dac"
"21-07-2025","PRO","M-500-USA-2025-002","2025-Washington 500 Qualifying Draw-002","North America","USA","United States","500","H","Hard","Outdoor","M","Men","24","0","KO","Not available","8","0","R16","Not available","DA","Not available","21/07/2025","27/07/2025","M-500-USA-2025-002-M-S-KO-Q-2-2","Not available","CO","Q","16","RET","L","S","7-6(4) 1-2 RET","FALSE","TRUE","TRUE","1","0","TRUE","FALSE","82","57","0","Not available","Not available","0","0","800538003","Murphy Cassone","185","d43b6249-2bd7-40ae-9d39-1ed291ae574e","7b436f15-577b-4d6d-9845-540601a94dac"
"30-06-2025","PRO","M-SL-GBR-2025-001","2025-Wimbledon-001","Europe","GBR","United Kingdom","SL","G","Grass","Outdoor","M","Men","128","64","KO","KO","50","1200","R64","RU","DA","A","30/06/2025","13/07/2025","M-SL-GBR-2025-001-M-S-KO-M-1-10","Not available","CO","M","128","Not available","W","S","6-3 6-1 6-1","TRUE","FALSE","FALSE","0","0","FALSE","FALSE","87","149","0","Not available","Not available","0","0","800270803","David Goffin","63","2cee04d7-dafb-49b2-a104-b484108df88a","2d14469c-d8f8-45bd-ba11-1d330462a410"
"30-06-2025","PRO","M-SL-GBR-2025-001","2025-Wimbledon-001","Europe","GBR","United Kingdom","SL","G","Grass","Outdoor","M","Men","128","64","KO","KO","50","1200","R64","RU","DA","A","30/06/2025","13/07/2025","M-SL-GBR-2025-001-M-S-KO-M-2-5","Not available","CO","M","64","Not available","L","S","6-2 7-5 6-4","TRUE","FALSE","FALSE","0","0","TRUE","FALSE","87","149","0","Not available","Not available","0","0","800529052","Ben Shelton","10","2cee04d7-dafb-49b2-a104-b484108df88a","2d14469c-d8f8-45bd-ba11-1d330462a410"
"30-06-2025","PRO","M-SL-GBR-2025-001","2025-Wimbledon-001","Europe","GBR","United Kingdom","SL","G","Grass","Outdoor","M","Men","128","64","KO","KO","50","1200","R64","RU","DA","A","30/06/2025","13/07/2025","M-SL-GBR-2025-001-M-D-KO-M-1-12","Not available","CO","M","64","Not available","W","D","4-6 7-6(6) 7-6(9)","FALSE","TRUE","TRUE","2","2","TRUE","FALSE","87","149","800266343","David Pel","NLD","0","82","800318835","Andre Goransson","9999","2cee04d7-dafb-49b2-a104-b484108df88a","2d14469c-d8f8-45bd-ba11-1d330462a410"
"30-06-2025","PRO","M-SL-GBR-2025-001","2025-Wimbledon-001","Europe","GBR","United Kingdom","SL","G","Grass","Outdoor","M","Men","128","64","KO","KO","50","1200","R64","RU","DA","A","30/06/2025","13/07/2025","M-SL-GBR-2025-001-M-D-KO-M-2-6","Not available","CO","M","32","Not available","W","D","6-3 6-7(5) 7-6(11)","FALSE","TRUE","TRUE","2","1","FALSE","FALSE","87","149","800266343","David Pel","NLD","0","82","800689348","Robert Cash","9999","2cee04d7-dafb-49b2-a104-b484108df88a","2d14469c-d8f8-45bd-ba11-1d330462a410"
"30-06-2025","PRO","M-SL-GBR-2025-001","2025-Wimbledon-001","Europe","GBR","United Kingdom","SL","G","Grass","Outdoor","M","Men","128","64","KO","KO","50","1200","R64","RU","DA","A","30/06/2025","13/07/2025","M-SL-GBR-2025-001-M-D-KO-M-3-3","Not available","CO","M","16","Not available","W","D","6-2 6-4","FALSE","FALSE","FALSE","0","0","FALSE","FALSE","87","149","800266343","David Pel","NLD","0","82","800286045","Kevin Krawietz","9999","2cee04d7-dafb-49b2-a104-b484108df88a","2d14469c-d8f8-45bd-ba11-1d330462a410"
"30-06-2025","PRO","M-SL-GBR-2025-001","2025-Wimbledon-001","Europe","GBR","United Kingdom","SL","G","Grass","Outdoor","M","Men","128","64","KO","KO","50","1200","R64","RU","DA","A","30/06/2025","13/07/2025","M-SL-GBR-2025-001-M-D-KO-M-4-2","Not available","CO","M","QF","Not available","W","D","7-6(5) 6-4","FALSE","FALSE","TRUE","1","1","FALSE","FALSE","87","149","800266343","David Pel","NLD","0","82","800349724","Rafael Matos","9999","2cee04d7-dafb-49b2-a104-b484108df88a","2d14469c-d8f8-45bd-ba11-1d330462a410"
"30-06-2025","PRO","M-SL-GBR-2025-001","2025-Wimbledon-001","Europe","GBR","United Kingdom","SL","G","Grass","Outdoor","M","Men","128","64","KO","KO","50","1200","R64","RU","DA","A","30/06/2025","13/07/2025","M-SL-GBR-2025-001-M-D-KO-M-5-1","Not available","CO","M","SF","Not available","W","D","6-7(2) 7-6(5) 7-6(9)","FALSE","TRUE","TRUE","3","2","TRUE","FALSE","87","149","800266343","David Pel","NLD","0","82","800266656","Marcelo Arevalo","9999","2cee04d7-dafb-49b2-a104-b484108df88a","2d14469c-d8f8-45bd-ba11-1d330462a410"
"30-06-2025","PRO","M-SL-GBR-2025-001","2025-Wimbledon-001","Europe","GBR","United Kingdom","SL","G","Grass","Outdoor","M","Men","128","64","KO","KO","50","1200","R64","RU","DA","A","30/06/2025","13/07/2025","M-SL-GBR-2025-001-M-D-KO-M-6-1","Not available","CO","M","FR","Not available","L","D","6-2 7-6(3)","FALSE","FALSE","TRUE","1","0","TRUE","FALSE","87","149","800266343","David Pel","NLD","0","82","800331280","Julian Cash","9999","2cee04d7-dafb-49b2-a104-b484108df88a","2d14469c-d8f8-45bd-ba11-1d330462a410"
"23-06-2025","PRO","M-250-ESP-2025-001","2025-Mallorca 250-001","Europe","ESP","Spain","250","G","Grass","Outdoor","M","Men","28","0","KO","Not available","0","0","R32","Not available","WC","Not available","23/06/2025","29/06/2025","M-250-ESP-2025-001-M-S-KO-M-1-7","Not available","CO","M","32","Not available","L","S","3-6 7-5 6-2","FALSE","TRUE","FALSE","0","0","FALSE","FALSE","88","150","0","Not available","Not available","0","0","800276441","Bernard Tomic","248","ea620e3b-3a6a-4326-951e-6a489088d692","026e4339-5b14-495f-b08c-677a2547d458"
"09-06-2025","PRO","M-250-NED-2025-001","2025-s-Hertogenbosch 250-001","Europe","NED","Netherlands","250","G","Grass","Outdoor","M","Men","28","0","KO","Not available","0","0","R32","Not available","DA","Not available","09/06/2025","15/06/2025","M-250-NED-2025-001-M-S-KO-M-1-15","Not available","CO","M","32","Not available","L","S","3-6 6-4 6-3","FALSE","TRUE","FALSE","0","0","FALSE","FALSE","75","138","0","Not available","Not available","0","0","800265540","Daniel Evans","217","a2ca8a14-df03-437e-81a6-f3574cfd086c","10e4ad76-f3dc-404c-b132-187950c40e66"
"02-06-2025","PRO","M-CH-GBR-2025-003","2025-Birmingham Challenger 125-003","Europe","GBR","United Kingdom","CH","G","Grass","Outdoor","M","Men","32","0","KO","Not available","35","0","SF","Not available","DA","Not available","02/06/2025","08/06/2025","M-CH-GBR-2025-003-M-S-KO-M-1-5","Not available","CO","M","32","Not available","W","S","6-1 3-6 6-4","FALSE","TRUE","FALSE","0","0","FALSE","FALSE","78","123","0","Not available","Not available","0","0","800325732","Billy Harris","102","ddbfd216-18b4-447d-b2e6-b33f74bae19b","b2b15342-b004-4225-912d-6ddbca0504ff"
"02-06-2025","PRO","M-CH-GBR-2025-003","2025-Birmingham Challenger 125-003","Europe","GBR","United Kingdom","CH","G","Grass","Outdoor","M","Men","32","0","KO","Not available","35","0","SF","Not available","DA","Not available","02/06/2025","08/06/2025","M-CH-GBR-2025-003-M-S-KO-M-2-3","Not available","CO","M","16","Not available","W","S","6-1 6-3","FALSE","FALSE","FALSE","0","0","FALSE","FALSE","78","123","0","Not available","Not available","0","0","800412979","Yosuke Watanuki","183","ddbfd216-18b4-447d-b2e6-b33f74bae19b","b2b15342-b004-4225-912d-6ddbca0504ff"
"02-06-2025","PRO","M-CH-GBR-2025-003","2025-Birmingham Challenger 125-003","Europe","GBR","United Kingdom","CH","G","Grass","Outdoor","M","Men","32","0","KO","Not available","35","0","SF","Not available","DA","Not available","02/06/2025","08/06/2025","M-CH-GBR-2025-003-M-S-KO-M-3-2","Not available","CO","M","QF","Not available","W","S","7-6(2) 6-4","FALSE","FALSE","TRUE","1","1","FALSE","FALSE","78","123","0","Not available","Not available","0","0","800156497","Alex Bolt","197","ddbfd216-18b4-447d-b2e6-b33f74bae19b","b2b15342-b004-4225-912d-6ddbca0504ff"
"02-06-2025","PRO","M-CH-GBR-2025-003","2025-Birmingham Challenger 125-003","Europe","GBR","United Kingdom","CH","G","Grass","Outdoor","M","Men","32","0","KO","Not available","35","0","SF","Not available","DA","Not available","02/06/2025","08/06/2025","M-CH-GBR-2025-003-M-S-KO-M-4-1","Not available","CO","M","SF","Not available","L","S","6-3 6-4","FALSE","FALSE","FALSE","0","0","TRUE","FALSE","78","123","0","Not available","Not available","0","0","800597255","Colton Smith","162","ddbfd216-18b4-447d-b2e6-b33f74bae19b","b2b15342-b004-4225-912d-6ddbca0504ff"
"26-05-2025","PRO","M-SL-FRA-2025-001","2025-French Open-001","Europe","FRA","France","SL","C","Clay","Outdoor","M","Men","128","64","KO","KO","10","0","R128","R64","DA","DA","26/05/2025","08/06/2025","M-SL-FRA-2025-001-M-S-KO-M-1-35","Not available","CO","M","128","Not available","L","S","1-6 6-3 7-5 7-6(3)","TRUE","FALSE","TRUE","1","0","FALSE","FALSE","78","123","0","Not available","Not available","0","0","800335986","Reilly Opelka","93","e8f7997a-620b-4924-8bee-93de130356aa","b364512b-6aae-4142-8b07-c0b099261979"
"26-05-2025","PRO","M-SL-FRA-2025-001","2025-French Open-001","Europe","FRA","France","SL","C","Clay","Outdoor","M","Men","128","64","KO","KO","10","0","R128","R64","DA","DA","26/05/2025","08/06/2025","M-SL-FRA-2025-001-M-D-KO-M-1-8","Not available","CO","M","64","Not available","L","D","4-6 6-2 6-3","FALSE","TRUE","FALSE","0","0","FALSE","FALSE","78","123","800332410","Miomir Kecmanovic","SRB","46","274","800331280","Julian Cash","9999","e8f7997a-620b-4924-8bee-93de130356aa","b364512b-6aae-4142-8b07-c0b099261979"
"12-05-2025","PRO","M-CH-FRA-2025-007","2025-Bordeaux Challenger 175-007","Europe","FRA","France","CH","C","Clay","Outdoor","M","Men","28","0","KO","Not available","50","0","SF","Not available","DA","Not available","12/05/2025","18/05/2025","M-CH-FRA-2025-007-M-S-KO-M-1-15","Not available","CO","M","32","Not available","W","S","6-3 4-6 6-4","FALSE","TRUE","FALSE","0","0","FALSE","FALSE","82","124","0","Not available","Not available","0","0","800557882","Nishesh Basavareddy","100","0bf767c1-765f-4d83-a116-a4c88748a695","a1c0ab62-a348-497e-a779-9da2e1183d7d"
"12-05-2025","PRO","M-CH-FRA-2025-007","2025-Bordeaux Challenger 175-007","Europe","FRA","France","CH","C","Clay","Outdoor","M","Men","28","0","KO","Not available","50","0","SF","Not available","DA","Not available","12/05/2025","18/05/2025","M-CH-FRA-2025-007-M-S-KO-M-2-8","Not available","CO","M","16","Not available","W","S","6-4 3-6 6-2","FALSE","TRUE","FALSE","0","0","FALSE","FALSE","82","124","0","Not available","Not available","0","0","800458279","Sebastian Baez","33","0bf767c1-765f-4d83-a116-a4c88748a695","a1c0ab62-a348-497e-a779-9da2e1183d7d"
"12-05-2025","PRO","M-CH-FRA-2025-007","2025-Bordeaux Challenger 175-007","Europe","FRA","France","CH","C","Clay","Outdoor","M","Men","28","0","KO","Not available","50","0","SF","Not available","DA","Not available","12/05/2025","18/05/2025","M-CH-FRA-2025-007-M-S-KO-M-3-4","Not available","CO","M","QF","Not available","W","S","6-4 7-6(3)","FALSE","FALSE","TRUE","1","1","FALSE","FALSE","82","124","0","Not available","Not available","0","0","800362900","Benjamin Hassan","239","0bf767c1-765f-4d83-a116-a4c88748a695","a1c0ab62-a348-497e-a779-9da2e1183d7d"
"12-05-2025","PRO","M-CH-FRA-2025-007","2025-Bordeaux Challenger 175-007","Europe","FRA","France","CH","C","Clay","Outdoor","M","Men","28","0","KO","Not available","50","0","SF","Not available","DA","Not available","12/05/2025","18/05/2025","M-CH-FRA-2025-007-M-S-KO-M-4-2","Not available","CO","M","SF","Not available","L","S","7-5 7-6(5)","FALSE","FALSE","TRUE","1","0","TRUE","FALSE","82","124","0","Not available","Not available","0","0","800459835","Giovanni Mpetshi Perricard","36","0bf767c1-765f-4d83-a116-a4c88748a695","a1c0ab62-a348-497e-a779-9da2e1183d7d"
"05-05-2025","PRO","M-1000-ITA-2025-001","2025-Rome 1000-001","Europe","ITA","Italy","1000","C","Clay","Outdoor","M","Men","96","0","KO","Not available","10","0","R128","Not available","DA","Not available","05/05/2025","18/05/2025","M-1000-ITA-2025-001-M-S-KO-M-1-38","Not available","CO","M","128","Not available","L","S","3-6 6-1 7-5","FALSE","TRUE","FALSE","0","0","FALSE","FALSE","82","124","0","Not available","Not available","0","0","800345530","Corentin Moutet","83","31514810-079b-4c9f-91b0-e7a6677c03d5","daebeb8d-5f04-4c5c-8856-ec8ec289fbd9"
"21-04-2025","PRO","M-1000-ESP-2025-001","2025-Madrid 1000-001","Europe","ESP","Spain","1000","C","Clay","Outdoor","M","Men","96","0","KO","Not available","10","0","R128","Not available","LL","Not available","21/04/2025","04/05/2025","M-1000-ESP-2025-001-M-S-KO-M-1-38","Not available","CO","M","128","Not available","L","S","7-5 7-5","FALSE","FALSE","FALSE","0","0","TRUE","FALSE","84","125","0","Not available","Not available","0","0","800335986","Reilly Opelka","103","447b0947-9942-496e-9f47-67bff1f3c24f","bbbaca85-0b9a-4087-8d73-372781447fce"
"21-04-2025","PRO","M-1000-ESP-2025-001","2025-Madrid 1000-001","Europe","ESP","Spain","1000","C","Clay","Outdoor","M","Men","96","0","KO","Not available","10","0","R128","Not available","LL","Not available","21/04/2025","04/05/2025","M-1000-ESP-2025-001-M-S-KO-Q-1-9","Not available","CO","Q","64","RET","W","S","6-4 6-7(11) 4-1 RET","FALSE","FALSE","TRUE","1","0","FALSE","FALSE","84","125","0","Not available","Not available","0","0","800348079","Lloyd Harris","166","447b0947-9942-496e-9f47-67bff1f3c24f","bbbaca85-0b9a-4087-8d73-372781447fce"
"21-04-2025","PRO","M-1000-ESP-2025-001","2025-Madrid 1000-001","Europe","ESP","Spain","1000","C","Clay","Outdoor","M","Men","96","0","KO","Not available","10","0","R128","Not available","LL","Not available","21/04/2025","04/05/2025","M-1000-ESP-2025-001-M-S-KO-Q-2-5","Not available","CO","Q","32","Not available","L","S","6-4 5-7 7-5","FALSE","TRUE","FALSE","0","0","TRUE","FALSE","84","125","0","Not available","Not available","0","0","800235283","Fabio Fognini","112","447b0947-9942-496e-9f47-67bff1f3c24f","bbbaca85-0b9a-4087-8d73-372781447fce"
"14-04-2025","PRO","M-500-GER-2025-001","2025-Munich 500 Qualifying Draw-001","Europe","GER","Germany","500","C","Clay","Outdoor","M","Men","16","4","KO","KO","0","0","R16","Not available","DA","DA","14/04/2025","20/04/2025","M-500-GER-2025-001-M-S-KO-Q-1-2","Not available","CO","Q","16","Not available","L","S","6-4 1-6 6-3","FALSE","TRUE","FALSE","0","0","TRUE","FALSE","85","118","0","Not available","Not available","0","0","800362896","Alexander Shevchenko","104","845c6491-c88f-48df-b8a7-f93392aa4b42","632e7576-5109-4c50-ad73-e98e69a5377a"
"14-04-2025","PRO","M-500-GER-2025-001","2025-Munich 500 Qualifying Draw-001","Europe","GER","Germany","500","C","Clay","Outdoor","M","Men","16","4","KO","KO","0","0","R16","Not available","DA","DA","14/04/2025","20/04/2025","M-500-GER-2025-001-M-D-KO-Q-2","Not available","CO","Q","Not available","Not available","L","D","4-6 6-4 [10-4]","FALSE","TRUE","TRUE","1","0","FALSE","FALSE","85","118","800343280","Gregoire Jacq","FRA","0","61","800232165","Robin Haase","1208","845c6491-c88f-48df-b8a7-f93392aa4b42","632e7576-5109-4c50-ad73-e98e69a5377a"
"31-03-2025","PRO","M-250-USA-2025-003","2025-Houston 250-003","North America","USA","United States","250","C","Clay","Outdoor","M","Men","28","16","KO","KO","0","45","R32","QF","DA","DA","31/03/2025","06/04/2025","M-250-USA-2025-003-M-S-KO-M-1-10","Not available","CO","M","32","Not available","L","S","6-2 4-6 6-3","FALSE","TRUE","FALSE","0","0","TRUE","FALSE","82","120","0","Not available","Not available","0","0","800386905","Christopher Eubanks","117","cc3058bc-391e-48c3-966d-a0734f7e256b","ff7999a5-b12c-41fb-bb43-8428adb11840"
"31-03-2025","PRO","M-250-USA-2025-003","2025-Houston 250-003","North America","USA","United States","250","C","Clay","Outdoor","M","Men","28","16","KO","KO","0","45","R32","QF","DA","DA","31/03/2025","06/04/2025","M-250-USA-2025-003-M-D-KO-M-1-6","Not available","CO","M","16","Not available","W","D","3-6 7-6(1) [11-9]","FALSE","TRUE","TRUE","2","0","TRUE","FALSE","82","120","800158036","Jordan Thompson","AUS","35","5","800689348","Robert Cash","9999","cc3058bc-391e-48c3-966d-a0734f7e256b","ff7999a5-b12c-41fb-bb43-8428adb11840"
"31-03-2025","PRO","M-250-USA-2025-003","2025-Houston 250-003","North America","USA","United States","250","C","Clay","Outdoor","M","Men","28","16","KO","KO","0","45","R32","QF","DA","DA","31/03/2025","06/04/2025","M-250-USA-2025-003-M-D-KO-M-2-3","Not available","CO","M","QF","Not available","L","D","6-1 6-4","FALSE","FALSE","FALSE","0","0","TRUE","FALSE","82","120","800158036","Jordan Thompson","AUS","35","5","800407317","Matthew Romios","1582","cc3058bc-391e-48c3-966d-a0734f7e256b","ff7999a5-b12c-41fb-bb43-8428adb11840"
"17-03-2025","PRO","M-1000-USA-2025-001","2025-Miami 1000-001","North America","USA","United States","1000","H","Hard","Outdoor","M","Men","96","0","KO","Not available","30","0","R64","Not available","DA","Not available","17/03/2025","30/03/2025","M-1000-USA-2025-001-M-S-KO-M-1-47","Not available","CO","M","128","Not available","W","S","7-5 3-6 7-5","FALSE","TRUE","FALSE","0","0","FALSE","FALSE","86","118","0","Not available","Not available","0","0","800442351","Hamad Medjedovic","73","49b20905-6385-4492-8f9a-cb12e3ede869","b4f103bc-84f0-4219-b91e-fd3445b5b14d"
"17-03-2025","PRO","M-1000-USA-2025-001","2025-Miami 1000-001","North America","USA","United States","1000","H","Hard","Outdoor","M","Men","96","0","KO","Not available","30","0","R64","Not available","DA","Not available","17/03/2025","30/03/2025","M-1000-USA-2025-001-M-S-KO-M-2-24","Not available","CO","M","64","Not available","L","S","6-0 7-6(1)","FALSE","FALSE","TRUE","1","0","TRUE","FALSE","86","118","0","Not available","Not available","0","0","800225217","Novak Djokovic","5","49b20905-6385-4492-8f9a-cb12e3ede869","b4f103bc-84f0-4219-b91e-fd3445b5b14d"
"10-03-2025","PRO","M-CH-USA-2025-003","2025-Phoenix Challenger 175-003","North America","USA","United States","CH","H","Hard","Outdoor","M","Men","28","16","KO","KO","13","0","R16","R16","DA","WC","10/03/2025","16/03/2025","M-CH-USA-2025-003-M-S-KO-M-1-7","Not available","CO","M","32","Not available","W","S","7-6(0) 7-6(3)","FALSE","FALSE","TRUE","2","2","FALSE","FALSE","83","106","0","Not available","Not available","0","0","800408085","Brandon Holt","111","e45f0a05-4d0c-433a-b8b9-fe9b82e65364","3e2da6e2-7777-4694-ae10-10d118ba6fd7"
"10-03-2025","PRO","M-CH-USA-2025-003","2025-Phoenix Challenger 175-003","North America","USA","United States","CH","H","Hard","Outdoor","M","Men","28","16","KO","KO","13","0","R16","R16","DA","WC","10/03/2025","16/03/2025","M-CH-USA-2025-003-M-S-KO-M-2-4","Not available","CO","M","16","Not available","L","S","6-2 5-7 6-3","FALSE","TRUE","FALSE","0","0","TRUE","FALSE","83","106","0","Not available","Not available","0","0","800329342","Alexander Bublik","82","e45f0a05-4d0c-433a-b8b9-fe9b82e65364","3e2da6e2-7777-4694-ae10-10d118ba6fd7"
"10-03-2025","PRO","M-CH-USA-2025-003","2025-Phoenix Challenger 175-003","North America","USA","United States","CH","H","Hard","Outdoor","M","Men","28","16","KO","KO","13","0","R16","R16","DA","WC","10/03/2025","16/03/2025","M-CH-USA-2025-003-M-D-KO-M-1-2","Not available","CO","M","16","Not available","L","D","6-3 6-4","FALSE","FALSE","FALSE","0","0","TRUE","FALSE","83","106","800337170","Benjamin Sigouin","CAN","0","214","800332518","Alexander Erler","9999","e45f0a05-4d0c-433a-b8b9-fe9b82e65364","3e2da6e2-7777-4694-ae10-10d118ba6fd7"
"03-03-2025","PRO","M-1000-USA-2025-002","2025-Indian Wells 1000-002","North America","USA","United States","1000","H","Hard","Outdoor","M","Men","96","0","KO","Not available","30","0","R64","Not available","DA","Not available","03/03/2025","16/03/2025","M-1000-USA-2025-002-M-S-KO-M-1-35","Not available","CO","M","128","Not available","W","S","6-1 6-3","FALSE","FALSE","FALSE","0","0","FALSE","FALSE","83","106","0","Not available","Not available","0","0","800362896","Alexander Shevchenko","98","c3fc2f7c-94c6-4d08-a9cc-c4699537bcf3","8d34465a-7fa7-4745-adc9-5e286052a003"
"03-03-2025","PRO","M-1000-USA-2025-002","2025-Indian Wells 1000-002","North America","USA","United States","1000","H","Hard","Outdoor","M","Men","96","0","KO","Not available","30","0","R64","Not available","DA","Not available","03/03/2025","16/03/2025","M-1000-USA-2025-002-M-S-KO-M-2-18","Not available","CO","M","64","Not available","L","S","7-5 6-1","FALSE","FALSE","FALSE","0","0","TRUE","FALSE","83","106","0","Not available","Not available","0","0","800457701","Brandon Nakashima","33","c3fc2f7c-94c6-4d08-a9cc-c4699537bcf3","8d34465a-7fa7-4745-adc9-5e286052a003"
"24-02-2025","PRO","M-500-MEX-2025-001","2025-Acapulco 500-001","Central America & Caribbean","MEX","Mexico","500","H","Hard","Outdoor","M","Men","32","16","KO","KO","0","0","R32","R16","DA","DA","24/02/2025","02/03/2025","M-500-MEX-2025-001-M-S-KO-M-1-7","Not available","CO","M","32","Not available","L","S","6-2 6-3","FALSE","FALSE","FALSE","0","0","TRUE","FALSE","82","107","0","Not available","Not available","0","0","800270803","David Goffin","63","b7ad9d64-9799-4daf-b392-d115bd519ca8","85537cd3-eddc-4b72-b4ed-ab05d6d640e9"
"24-02-2025","PRO","M-500-MEX-2025-001","2025-Acapulco 500-001","Central America & Caribbean","MEX","Mexico","500","H","Hard","Outdoor","M","Men","32","16","KO","KO","0","0","R32","R16","DA","DA","24/02/2025","02/03/2025","M-500-MEX-2025-001-M-D-KO-M-1-4","Not available","CO","M","16","Not available","L","D","7-6(2) 6-2","FALSE","FALSE","TRUE","1","0","TRUE","FALSE","82","107","800529052","Ben Shelton","USA","14","110","800289790","Christian Harrison","9999","b7ad9d64-9799-4daf-b392-d115bd519ca8","85537cd3-eddc-4b72-b4ed-ab05d6d640e9"
"10-02-2025","PRO","M-250-USA-2025-002","2025-Delray Beach 250-002","North America","USA","United States","250","H","Hard","Outdoor","M","Men","28","16","KO","KO","0","45","R32","QF","DA","DA","10/02/2025","16/02/2025","M-250-USA-2025-002-M-S-KO-M-1-2","Not available","CO","M","32","Not available","L","S","6-2 6-0","FALSE","FALSE","FALSE","0","0","TRUE","FALSE","72","108","0","Not available","Not available","0","0","800464245","Yunchaokete Bu","69","1bca3a5f-3a02-4e29-8c4a-02624c7ba126","cd6d8747-3b95-45b9-acb1-a9d09c30f4b9"
"10-02-2025","PRO","M-250-USA-2025-002","2025-Delray Beach 250-002","North America","USA","United States","250","H","Hard","Outdoor","M","Men","28","16","KO","KO","0","45","R32","QF","DA","DA","10/02/2025","16/02/2025","M-250-USA-2025-002-M-D-KO-M-1-1","Not available","CO","M","16","Not available","W","D","6-4 5-7 [10-7]","FALSE","TRUE","TRUE","1","0","FALSE","FALSE","72","108","800400063","Adam Walton","AUS","89","167","800312155","Jackson Withrow","9999","1bca3a5f-3a02-4e29-8c4a-02624c7ba126","cd6d8747-3b95-45b9-acb1-a9d09c30f4b9"
"10-02-2025","PRO","M-250-USA-2025-002","2025-Delray Beach 250-002","North America","USA","United States","250","H","Hard","Outdoor","M","Men","28","16","KO","KO","0","45","R32","QF","DA","DA","10/02/2025","16/02/2025","M-250-USA-2025-002-M-D-KO-M-2-1","Not available","CO","M","QF","Not available","L","D","4-6 7-6(9) [10-6]","FALSE","TRUE","TRUE","2","0","FALSE","FALSE","72","108","800400063","Adam Walton","AUS","89","167","800332410","Miomir Kecmanovic","56","1bca3a5f-3a02-4e29-8c4a-02624c7ba126","cd6d8747-3b95-45b9-acb1-a9d09c30f4b9"
"03-02-2025","PRO","M-500-USA-2025-001","2025-Dallas 500-001","North America","USA","United States","500","H","Hard","Indoor","M","Men","32","16","KO","KO","50","90","R16","QF","DA","DA","03/02/2025","09/02/2025","M-500-USA-2025-001-M-S-KO-M-1-3","Not available","CO","M","32","Not available","W","S","7-5 6-3","FALSE","FALSE","FALSE","0","0","FALSE","FALSE","73","100","0","Not available","Not available","0","0","800264469","Adrian Mannarino","107","27cb158f-4329-403b-9099-8d6fea4e4208","6aa83db6-fc10-46cd-a3ea-a72dbc0f9662"
"03-02-2025","PRO","M-500-USA-2025-001","2025-Dallas 500-001","North America","USA","United States","500","H","Hard","Indoor","M","Men","32","16","KO","KO","50","90","R16","QF","DA","DA","03/02/2025","09/02/2025","M-500-USA-2025-001-M-S-KO-M-2-2","Not available","CO","M","16","Not available","L","S","6-4 7-6(0)","FALSE","FALSE","TRUE","1","0","TRUE","FALSE","73","100","0","Not available","Not available","0","0","800361512","Tomas Machac","25","27cb158f-4329-403b-9099-8d6fea4e4208","6aa83db6-fc10-46cd-a3ea-a72dbc0f9662"
"03-02-2025","PRO","M-500-USA-2025-001","2025-Dallas 500-001","North America","USA","United States","500","H","Hard","Indoor","M","Men","32","16","KO","KO","50","90","R16","QF","DA","DA","03/02/2025","09/02/2025","M-500-USA-2025-001-M-D-KO-M-1-2","Not available","CO","M","16","Not available","W","D","6-4 3-6 [10-7]","FALSE","TRUE","TRUE","1","0","FALSE","FALSE","73","100","800659781","Alex Michelsen","USA","36","91","800529052","Ben Shelton","13","27cb158f-4329-403b-9099-8d6fea4e4208","6aa83db6-fc10-46cd-a3ea-a72dbc0f9662"
"03-02-2025","PRO","M-500-USA-2025-001","2025-Dallas 500-001","North America","USA","United States","500","H","Hard","Indoor","M","Men","32","16","KO","KO","50","90","R16","QF","DA","DA","03/02/2025","09/02/2025","M-500-USA-2025-001-M-D-KO-M-2-1","Not available","CO","M","QF","Not available","L","D","6-2 6-3","FALSE","FALSE","FALSE","0","0","TRUE","FALSE","73","100","800659781","Alex Michelsen","USA","36","91","800263215","Ariel Behar","9999","27cb158f-4329-403b-9099-8d6fea4e4208","6aa83db6-fc10-46cd-a3ea-a72dbc0f9662"
"02-02-2025","PRO","M-DC-2025","NA-Davis Cup 2025-NA","","2025","Not available","DC","Not available","","","M","Men","0","0","Not available","Not available","0","0","Not available","Not available","Not available","Not available","02/02/2025","02/02/2025","M-DC-2025-QLS-M-AUS-BEL-01-3","14/09/2025","CO","M","Not available","Not available","W","D","6-7(7) 6-3 6-4","FALSE","TRUE","TRUE","1","0","TRUE","FALSE","110","60","800158036","Jordan Thompson","AUS","77","43","800284831","Sander Gille","9999","019b162b-2f50-4b28-b6db-66ed935da2fb","c98d311a-3ee3-4d52-9858-83e76a780a3e"
"27-01-2025","PRO","M-CH-AUS-2025-001","2025-Brisbane 1 Challenger 75-001","Oceania","AUS","Australia","CH","H","Hard","Outdoor","M","Men","32","0","KO","Not available","6","0","R16","Not available","DA","Not available","27/01/2025","02/02/2025","M-CH-AUS-2025-001-M-S-KO-M-1-1","Not available","CO","M","32","Not available","W","S","6-7(3) 6-4 6-0","FALSE","TRUE","TRUE","1","0","TRUE","FALSE","73","98","0","Not available","Not available","0","0","800589029","Hayden Jones","970","4e2b6582-dcca-4d6a-afdc-ead9963ab7ce","6f35ed5b-d663-4b6d-8ef9-0f8172ec2912"
"27-01-2025","PRO","M-CH-AUS-2025-001","2025-Brisbane 1 Challenger 75-001","Oceania","AUS","Australia","CH","H","Hard","Outdoor","M","Men","32","0","KO","Not available","6","0","R16","Not available","DA","Not available","27/01/2025","02/02/2025","M-CH-AUS-2025-001-M-S-KO-M-2-1","Not available","CO","M","16","Not available","L","S","6-4 7-5","FALSE","FALSE","FALSE","0","0","TRUE","FALSE","73","98","0","Not available","Not available","0","0","800578717","James McCabe","225","4e2b6582-dcca-4d6a-afdc-ead9963ab7ce","6f35ed5b-d663-4b6d-8ef9-0f8172ec2912"
"13-01-2025","PRO","M-SL-AUS-2025-001","2025-Australian Open-001","Oceania","AUS","Australia","SL","H","Hard","Outdoor","M","Men","128","64","KO","KO","10","0","R128","R64","DA","WC","13/01/2025","26/01/2025","M-SL-AUS-2025-001-M-S-KO-M-1-30","Not available","CO","M","128","Not available","L","S","6-4 6-4 6-3","TRUE","FALSE","FALSE","0","0","TRUE","FALSE","72","92","0","Not available","Not available","0","0","800293769","Mitchell Krueger","146","30a2ab70-466a-467a-8705-775fe5815c03","dac26def-bc46-4846-bd22-0c768a2019ad"
"13-01-2025","PRO","M-SL-AUS-2025-001","2025-Australian Open-001","Oceania","AUS","Australia","SL","H","Hard","Outdoor","M","Men","128","64","KO","KO","10","0","R128","R64","DA","WC","13/01/2025","26/01/2025","M-SL-AUS-2025-001-M-D-KO-M-1-1","Not available","CO","M","64","Not available","L","D","6-0 6-2","FALSE","FALSE","FALSE","0","0","TRUE","FALSE","72","92","800286440","Jason Kubler","AUS","837","422","800266656","Marcelo Arevalo","9999","30a2ab70-466a-467a-8705-775fe5815c03","dac26def-bc46-4846-bd22-0c768a2019ad"
"06-01-2025","PRO","M-250-AUS-2025-001","2025-Adelaide 250-001","Oceania","AUS","Australia","250","H","Hard","Outdoor","M","Men","28","0","KO","Not available","50","0","QF","Not available","LL","Not available","06/01/2025","12/01/2025","M-250-AUS-2025-001-M-S-KO-M-1-3","Not available","CO","M","32","Not available","W","S","6-1 6-2","FALSE","FALSE","FALSE","0","0","FALSE","FALSE","79","89","0","Not available","Not available","0","0","800270803","David Goffin","53","f6e611d5-bc2f-4188-8143-090a4c713681","bd0ee7c6-66a3-4fdd-b116-8389967a7ec0"
"06-01-2025","PRO","M-250-AUS-2025-001","2025-Adelaide 250-001","Oceania","AUS","Australia","250","H","Hard","Outdoor","M","Men","28","0","KO","Not available","50","0","QF","Not available","LL","Not available","06/01/2025","12/01/2025","M-250-AUS-2025-001-M-S-KO-M-2-2","Not available","CO","M","16","Not available","W","S","6-2 3-6 7-6(5)","FALSE","TRUE","TRUE","1","1","FALSE","FALSE","79","89","0","Not available","Not available","0","0","800457701","Brandon Nakashima","37","f6e611d5-bc2f-4188-8143-090a4c713681","bd0ee7c6-66a3-4fdd-b116-8389967a7ec0"
"06-01-2025","PRO","M-250-AUS-2025-001","2025-Adelaide 250-001","Oceania","AUS","Australia","250","H","Hard","Outdoor","M","Men","28","0","KO","Not available","50","0","QF","Not available","LL","Not available","06/01/2025","12/01/2025","M-250-AUS-2025-001-M-S-KO-M-3-1","Not available","CO","M","QF","Not available","L","S","6-3 6-4","FALSE","FALSE","FALSE","0","0","TRUE","FALSE","79","89","0","Not available","Not available","0","0","800335851","Tommy Paul","12","f6e611d5-bc2f-4188-8143-090a4c713681","bd0ee7c6-66a3-4fdd-b116-8389967a7ec0"
"06-01-2025","PRO","M-250-AUS-2025-001","2025-Adelaide 250-001","Oceania","AUS","Australia","250","H","Hard","Outdoor","M","Men","28","0","KO","Not available","50","0","QF","Not available","LL","Not available","06/01/2025","12/01/2025","M-250-AUS-2025-001-M-S-KO-Q-1-5","Not available","CO","Q","16","RET","W","S","6-0 2-1 RET","FALSE","TRUE","FALSE","0","0","FALSE","FALSE","79","89","0","Not available","Not available","0","0","800314107","Omar Jasika","180","f6e611d5-bc2f-4188-8143-090a4c713681","bd0ee7c6-66a3-4fdd-b116-8389967a7ec0"
"06-01-2025","PRO","M-250-AUS-2025-001","2025-Adelaide 250-001","Oceania","AUS","Australia","250","H","Hard","Outdoor","M","Men","28","0","KO","Not available","50","0","QF","Not available","LL","Not available","06/01/2025","12/01/2025","M-250-AUS-2025-001-M-S-KO-Q-2-3","Not available","CO","Q","QF","Not available","L","S","1-6 7-6(4) 6-4","FALSE","TRUE","TRUE","1","0","FALSE","FALSE","79","89","0","Not available","Not available","0","0","800400063","Adam Walton","91","f6e611d5-bc2f-4188-8143-090a4c713681","bd0ee7c6-66a3-4fdd-b116-8389967a7ec0"
"30-12-2024","PRO","M-250-AUS-2024-003","2024-Brisbane 250-003","Oceania","AUS","Australia","250","H","Hard","Outdoor","M","Men","32","24","KO","KO","0","90","R32","SF","WC","A","30/12/2024","05/01/2025","M-250-AUS-2024-003-M-S-KO-M-1-1","Not available","CO","M","32","Not available","L","S","6-3 6-3","FALSE","FALSE","FALSE","0","0","TRUE","FALSE","73","96","0","Not available","Not available","0","0","800225217","Novak Djokovic","7","d64aacea-1dec-44cf-9077-3718d776ede8","bf6bb63d-b9d8-40f2-8de3-ffa445b6dc9f"
"30-12-2024","PRO","M-250-AUS-2024-003","2024-Brisbane 250-003","Oceania","AUS","Australia","250","H","Hard","Outdoor","M","Men","32","24","KO","KO","0","90","R32","SF","WC","A","30/12/2024","05/01/2025","M-250-AUS-2024-003-M-D-KO-M-2-3","Not available","CO","M","16","Not available","W","D","6-4 6-2","FALSE","FALSE","FALSE","0","0","FALSE","FALSE","73","96","800286440","Jason Kubler","AUS","638","563","800451405","Rithvik Choudary Bollipalli","9999","d64aacea-1dec-44cf-9077-3718d776ede8","bf6bb63d-b9d8-40f2-8de3-ffa445b6dc9f"
"30-12-2024","PRO","M-250-AUS-2024-003","2024-Brisbane 250-003","Oceania","AUS","Australia","250","H","Hard","Outdoor","M","Men","32","24","KO","KO","0","90","R32","SF","WC","A","30/12/2024","05/01/2025","M-250-AUS-2024-003-M-D-KO-M-3-2","Not available","CO","M","QF","RET","W","D","2-3 RET","FALSE","FALSE","FALSE","0","0","TRUE","FALSE","73","96","800286440","Jason Kubler","AUS","638","563","800274112","Austin Krajicek","9999","d64aacea-1dec-44cf-9077-3718d776ede8","bf6bb63d-b9d8-40f2-8de3-ffa445b6dc9f"
