Date,tour_type,singles_ranking
29/12/2025,ATP,113
22/12/2025,ATP,114
15/12/2025,ATP,114
8/12/2025,ATP,114
1/12/2025,ATP,114
24/11/2025,ATP,125
17/11/2025,ATP,127
10/11/2025,ATP,127
3/11/2025,ATP,127
27/10/2025,ATP,119
20/10/2025,ATP,106
13/10/2025,ATP,114
29/9/2025,ATP,114
22/9/2025,ATP,112
15/9/2025,ATP,111
8/9/2025,ATP,110
25/8/2025,ATP,103
18/8/2025,ATP,96
4/8/2025,ATP,84
28/7/2025,ATP,85
21/7/2025,ATP,82
14/7/2025,ATP,80
30/6/2025,ATP,87
23/6/2025,ATP,88
16/6/2025,ATP,74
9/6/2025,ATP,75
26/5/2025,ATP,78
19/5/2025,ATP,79
5/5/2025,ATP,82
5/5/2025,ATP,82
21/4/2025,ATP,84
21/4/2025,ATP,84
14/4/2025,ATP,85
7/4/2025,ATP,85
31/3/2025,ATP,82
17/3/2025,ATP,86
17/3/2025,ATP,86
3/3/2025,ATP,83
24/2/2025,ATP,82
17/2/2025,ATP,78
10/2/2025,ATP,72
3/2/2025,ATP,73
27/1/2025,ATP,73
13/1/2025,ATP,72
6/1/2025,ATP,79